first_name,last_name,date_of_birth
Hadleigh,Bernardy,1998-05-13
Glynnis,Peagrim,1998-11-02
Salmon,Ellesmere,1998-11-17
Jemie,Feathers,1998-06-19
Kiele,Rosengren,1998-07-02
Daphene,Loyley,1998-11-14
Merola,Occleshaw,1999-01-06
Clemmy,Vasyukov,1998-05-03
Fredia,Maffione,1998-12-08
Kevan,Gillford,1999-01-29
Mohammed,Clemits,1998-07-10
Riannon,Ahrendsen,1998-04-28
Dane,Walkden,1998-02-20
Monah,McMillian,1998-12-09
Virgie,Ferreres,1998-08-08
Glendon,Rees,1998-03-05
Tades,Wootton,1998-02-26
Chuck,Hacking,1998-02-23
Peder,Schwant,1998-12-18
Sylvan,Bickell,1998-03-12
Danna,Pavyer,1998-09-08
Marwin,Wheildon,1998-09-11
Egbert,Le Fleming,1998-05-06
Lynette,Sparway,1999-01-11
Franny,Pochet,1998-05-28
Netta,Spafford,1998-03-29
Joellyn,Birdsey,1998-08-01
Darbee,Gavaghan,1999-01-25
Rhodie,Scrange,1998-10-27
Armando,Wimbush,1998-02-18
Vita,McCrainor,1998-10-30
Hyacinth,Duddridge,1998-11-19
Zach,Callendar,1998-03-24
Annamarie,Schollar,1999-02-14
Natka,Grewer,1998-07-15
Shamus,Wilkison,1998-04-08
Mohandas,Leith,1998-06-11
Robyn,Blackey,1998-09-29
Town,Sterricker,1998-06-03
Adore,Skeldon,1999-02-04
Emera,Sebrook,1998-07-21
Sibby,Tills,1998-07-31
Adria,Gotling,1998-10-05
Henry,Kinsey,1998-12-14
Cristiano,Sherwell,1998-03-01
Bartholomeo,Penright,1998-10-21
Benson,Sopp,1998-03-20
Thorn,Murrells,1999-01-21
Colene,Whittlesea,1998-08-31
Lisha,Hayesman,1998-05-19
Oby,Pietrasik,1998-06-28
Dicky,Mapp,1999-02-06
Tremain,Norrington,1998-02-22
Mikael,Searson,1998-04-02
Elane,Matushevitz,1998-11-10
Theobald,Dudley,1998-04-13
Juliette,Huckleby,1998-12-14
Karalynn,Smeeth,1998-11-06
Eran,Diano,1998-04-20
Humphrey,Orrell,1998-10-24
Horst,Gate,1998-09-22
Adelind,Hinstock,1998-03-03
Hamil,Cradock,1998-07-28
Arch,Antosik,1998-09-20
Sonni,Chettle,1998-07-17
Meredith,Dumbrell,1998-12-27
Florence,Eckhard,1998-06-02
Aurilia,Holywell,1998-09-13
Laura,Scadding,1998-12-16
Vaclav,Cadney,1999-01-11
Emma,Kinneally,1998-08-18
Barbabra,Ramsden,1998-04-16
Darcey,Hazeley,1998-08-10
Trudie,Hedditeh,1998-10-18
Dud,Bussen,1998-11-09
Koren,Dillistone,1998-05-31
Kristin,Tresise,1998-04-21
Fletch,Nussey,1998-04-28
Marylou,Basnett,1998-05-09
Nessie,McNaughton,1998-04-09
Noell,Bes,1998-06-14
Emili,Keach,1998-05-22
Emogene,Ferronet,1998-06-29
Miran,Spelling,1998-12-10
Zsazsa,Roiz,1998-07-31
Ernaline,McMeekan,1998-12-06
Vergil,Devoy,1998-04-03
Korrie,Reinard,1998-03-24
Cinnamon,Skyppe,1998-11-22
Renae,Baggelley,1998-08-17
Gusella,Del Monte,1998-08-27
Paquito,Schiefersten,1998-09-04
Franz,Alf,1998-12-16
Arvy,Dandison,1998-03-28
Celina,Triplett,1998-09-17
Sherwynd,Youd,1998-11-09
Dun,Fehely,1998-06-30
Constantine,Waddilove,1999-01-27
Pepillo,Adacot,1998-11-05
Adair,Stratiff,1998-04-05
Yule,Thake,1998-04-11
Neron,Bresner,1998-12-27
Eddy,Stollmeyer,1999-01-02
Adolf,Poate,1998-04-26
Murielle,Sabatier,1999-01-04
Gussie,Yokel,1999-02-09
Concettina,Quickenden,1998-12-15
Sheff,Pagin,1998-09-16
Giacinta,Mueller,1998-11-22
Madelaine,Pybworth,1998-05-20
Northrup,Reany,1998-03-11
Marchelle,Liepins,1998-06-04
Gottfried,Tantum,1998-11-04
Salome,Wincer,1998-06-02
Saxon,Doddemeade,1998-12-10
Artur,Gue,1998-09-05
Arther,Niblett,1998-07-16
Bordy,Grinley,1998-12-02
Sanders,Fitzhenry,1998-11-08
Aland,Shadfourth,1998-05-04
Berti,Robottham,1998-12-04
Lenore,Hartfleet,1998-05-12
Abigael,Dougal,1999-01-05
Vergil,Sloss,1998-04-29
Elane,Taillant,1998-03-31
Gerrie,Amerighi,1998-12-28
Tammie,O''''Glassane,1998-08-09
Thebault,Cawthorn,1998-10-19
Angelle,Symcox,1998-08-30
Phil,Kimbell,1998-09-11
Robert,Mash,1998-07-28
Evangelia,Butterworth,1998-12-11
Evaleen,Besantie,1998-09-03
Binky,Kiernan,1998-10-08
Tobit,Benardeau,1998-09-24
Hamlin,Hilary,1998-02-22
Michel,Nolda,1998-10-18
Gerald,Harcourt,1998-09-26
Ebba,Dalliwater,1998-03-23
Janis,Ganniclifft,1998-12-03
Clementia,Yewman,1998-10-22
Benedikt,Sterke,1998-08-09
Bridget,Baud,1999-02-02
Kimberlee,Chedgey,1998-04-11
Saudra,Turvie,1998-11-26
Levy,Blann,1998-08-23
Delila,Wardroper,1998-02-27
Mead,Casone,1998-03-21
Cristiano,Sumshon,1998-07-21
Pat,Cartmel,1998-04-29
Bartolemo,Yerrington,1998-04-08
Zola,Smythe,1998-07-27
Paddie,Hardington,1999-01-28
Ange,Bigglestone,1998-08-10
Jeremiah,Okey,1998-03-06
Lambert,Nanetti,1998-07-29
Etienne,Dobbs,1998-11-08
Latisha,McAlinion,1998-05-20
Yank,Colleck,1999-01-19
Chucho,Treend,1998-02-28
Myrtia,Mushawe,1998-08-18
Mellie,Mecchi,1998-11-24
Cassius,Giddens,1998-02-18
Ibby,Guidera,1998-11-18
Gerda,Leidl,1998-12-31
Patrice,Gillson,1998-10-12
Carly,Laviste,1998-04-29
Lonny,Chisman,1998-09-02
Teriann,Yitzowitz,1998-07-04
Sylvester,Kimberley,1998-03-05
Orland,Earngy,1998-07-14
Christophe,Gadney,1998-07-18
Algernon,Yggo,1999-01-19
Ailina,Guerrazzi,1998-09-04
Arabele,Brothwell,1998-06-03
Emylee,Skala,1998-09-18
Sallyann,Dalston,1998-06-26
Jethro,Danilov,1998-07-02
Ive,Pawnsford,1998-04-17
Gertie,Milella,1998-03-29
Abbe,Blaycock,1998-10-31
Andromache,Pedrielli,1999-01-05
Olivia,Beazley,1999-01-28
Errol,Atcheson,1998-02-15
Vito,Messier,1998-07-18
Guenna,Selwin,1998-03-21
Tobin,Guswell,1998-09-03
Braden,Rowberry,1999-01-21
Leeland,Cathcart,1998-08-07
Ulises,Darker,1998-07-06
Gonzalo,De Benedetti,1998-03-26
Wandis,Amsden,1998-10-26
Agnes,Skoyles,1998-11-02
Brandyn,Losemann,1998-11-17
Kassandra,Heel,1998-11-01
Cyril,Fyers,1998-04-06
Laverna,Blacklock,1999-01-19
Madelon,Siddons,1998-03-25
Sela,Parr,1999-01-18
Amandie,De Cristoforo,1998-06-22
Morley,Crickett,1998-05-12
Cookie,Clandillon,1998-05-30
Shauna,Huortic,1998-03-30
Price,Levin,1998-05-19
Kendall,Escritt,1998-04-30
Jaclin,Kellart,1998-02-17
Lilllie,Melmar,1998-05-15
Allayne,Bambury,1998-03-30
Quinn,Cocklie,1998-04-06
Eddy,Gert,1998-11-17
Pepillo,Dalloway,1998-07-13
Enrico,Stonhouse,1999-01-31
Minnnie,Lowin,1998-06-01
Estella,Clouston,1999-01-14
Chrystel,Guidotti,1998-11-17
Lennard,MacSwayde,1998-12-23
Nannie,Bothen,1999-01-04
Burg,Ballantine,1998-02-17
Stacia,Eakin,1999-01-12
Giulietta,Westell,1998-06-18
Lukas,Roebottom,1998-10-27
Jarrod,Perle,1998-07-06
Coop,Filmer,1998-04-25
Kristy,Yakunin,1998-06-24
Elly,Drees,1998-12-24
Herculie,MacGorley,1998-11-28
Germana,Cubitt,1998-04-11
Sullivan,Wellbank,1998-05-24
Issi,Gwillyam,1998-07-22
Franzen,Spaxman,1998-09-14
Bengt,Lyddyard,1999-01-27
Andrej,Gatley,1998-05-09
Emanuel,Dimont,1998-12-13
Dorrie,Morican,1998-06-13
Gae,Prandoni,1998-04-14
Alexa,Gethings,1998-09-01
Angele,Emmanuel,1998-11-24
Hyacinthe,Howlett,1999-01-02
Tabbatha,Deetlefs,1998-10-31
Ara,Davidof,1998-06-24
Sharron,Cummine,1998-06-28
Lazare,Huegett,1998-11-27
Hughie,Cellone,1998-12-21
Elysee,Kilcullen,1998-04-15
Mattias,Gawthorpe,1998-07-23
Malachi,Sidwell,1999-01-25
Audrie,Carnow,1998-08-18
Kendre,Priddle,1998-04-09
Olympie,Casella,1998-04-09
Nestor,Tarbox,1998-07-22
Ed,Belderson,1998-08-08
Grantley,Cheley,1998-09-18
Jacky,Chorlton,1998-11-13
Filippa,Stockall,1998-12-17
Patricia,Phidgin,1998-03-07
Dirk,Kinglesyd,1998-02-27
Arthur,Brewis,1998-09-07
Kailey,Liccardi,1998-09-27
Gabbi,Oldcroft,1998-10-24
Nevsa,Handmore,1998-09-07
Budd,Pyrah,1998-09-22
Isabel,Pitman,1998-05-26
Margaux,Floyed,1998-10-11
Lewie,Reide,1998-11-13
Wakefield,Mattheus,1998-10-18
Irma,Edmondson,1998-04-11
Netty,Dickenson,1998-07-19
Felicle,Fann,1999-02-10
Elijah,Bockmann,1998-10-12
Tallie,Muzzlewhite,1998-09-06
Hermy,O''Hanlon,1998-12-08
Cyrus,McGown,1998-08-20
Lurlene,Dahler,1998-04-01
Geno,Gredden,1998-05-06
Kesley,Eivers,1999-02-01
Elwood,Sotheby,1998-03-16
Claus,Mathan,1998-02-21
Joey,Bold,1998-09-19
Marci,Fletcher,1998-08-12
Chelsy,Gillson,1998-10-28
Corette,Konrad,1998-09-02
Jess,Mullis,1999-02-04
Torie,Hazart,1998-08-15
Darrel,Sarton,1998-09-20
Ansell,Hatchett,1998-03-26
Nelson,Kaley,1999-01-08
Silvia,Skipsey,1998-12-21
Koralle,Worters,1998-05-22
Halimeda,Bree,1998-08-09
Angelita,Quipp,1998-06-06
Georgy,oldey,1998-09-04
Udale,Kneeshaw,1998-09-09
Francisca,Escritt,1998-10-26
Janella,Coniam,1999-02-07
Idalia,Cogman,1999-02-08
Ailina,Syrad,1998-12-19
Con,Caraher,1998-02-23
Aguistin,Ells,1998-11-21
Norbie,Dieton,1998-08-27
Egbert,Brownill,1998-07-25
Kim,Petts,1998-07-26
Kylie,Lanon,1999-02-14
Sebastiano,Glassborow,1998-11-14
Grata,Albion,1999-01-03
Willi,Hrycek,1999-01-29
Christa,Olsen,1998-03-13
Selene,Gray,1998-05-28
Starr,Feeley,1998-12-18
Fergus,Dewis,1998-03-20
Jyoti,Evelyn,1998-11-19
Philbert,Hoggan,1998-02-25
Dwayne,Whitely,1998-05-28
Miltie,Morrid,1998-09-12
Anne-marie,Lillicrop,1999-01-29
Adams,Feechum,1998-11-02
Giselbert,Gilluley,1998-03-22
Meris,McGilbon,1999-02-05
Nolly,Lawie,1998-10-02
Marget,Puncher,1998-12-27
Ag,Ruhben,1998-03-05
Edin,De Roeck,1999-02-07
Sigmund,Bartkowiak,1998-05-15
Woodman,Pepin,1998-09-30
Carling,Frude,1998-10-27
Dal,Baribal,1999-02-06
Gare,Korf,1998-03-10
Pablo,Sibbert,1999-02-05
Christy,Doige,1998-05-11
Natty,Moodycliffe,1998-05-09
Durante,Weatherburn,1998-12-25
Luella,Strephan,1998-07-22
Damaris,Roddam,1998-07-18
Elias,Pietrusiak,1998-10-04
Ailee,Blazejewski,1998-03-04
Muhammad,Dilks,1998-07-11
Joyan,Fowlds,1999-01-28
Cindi,Frandsen,1999-02-09
Dasi,Dana,1998-04-27
Greg,MacCarter,1998-05-05
Mollie,Misson,1999-02-04
Ricard,Blacker,1998-04-02
Ellyn,Wayland,1998-08-27
Trudy,Scorton,1998-05-31
Gale,Parkyns,1998-11-11
Goober,Pau,1998-12-09
Nicolais,Chrisp,1998-12-29
Kincaid,Martins,1998-10-07
Jerrilyn,Bruyet,1998-10-28
Jarid,Chalcroft,1998-11-01
Lanie,Beran,1998-02-22
Meggy,Astbery,1998-02-22
Milly,Costigan,1998-04-06
Orren,Durram,1998-08-02
Corbin,Halvorsen,1998-05-01
Cullen,Newnham,1998-05-28
Nydia,Fewell,1998-09-09
Koenraad,Moloney,1998-04-06
Danella,Tree,1998-02-25
Sansone,Piletic,1998-02-18
Mitchael,Askem,1999-01-21
Nevin,Schelle,1998-11-11
Stavro,Pattesall,1999-01-22
Pearline,Pantridge,1999-01-03
Zollie,Florentine,1998-03-22
Chlo,Athey,1998-05-08
Vonnie,Kensit,1999-02-14
Dani,Povlsen,1998-06-16
Amalee,Vardie,1998-11-09
Jaine,O''Lunney,1999-02-07
Gabi,Weed,1998-02-19
Olin,Shimuk,1998-10-07
Allen,Mesias,1998-05-27
Samuele,McDonnell,1999-01-27
Conney,Clawley,1998-11-22
Forester,Flement,1999-01-22
Ulick,Manis,1998-10-15
Sander,Van der Brugge,1998-09-24
Crista,Garnam,1998-03-08
Wendel,Sambrook,1998-06-29
Sheree,Godfroy,1998-07-28
Kassie,Selcraig,1999-01-15
Nilson,Arsnell,1998-07-19
Maurise,Peartree,1998-06-24
Madelene,Wallbanks,1998-11-22
Amery,Berick,1998-05-15
Sharona,Wallworke,1998-10-01
Sholom,Bowra,1998-10-06
Culley,Catterell,1998-07-15
Sylas,Wallege,1999-01-25
Barny,Borg-Bartolo,1998-03-24
Constanta,Izzett,1998-04-03
Bond,Meynell,1998-06-03
Juan,Girvan,1998-09-04
Margaret,Fulbrook,1998-05-01
Aldric,Mewrcik,1998-10-22
Josephine,Degoix,1998-03-02
Hoebart,Turle,1998-09-03
Gareth,Whorf,1998-03-10
Rahal,Fransemai,1998-10-08
Killie,Fisby,1998-08-08
Norean,Meffin,1998-12-11
Malvin,Merry,1998-04-16
Brietta,Watton,1998-12-02
Granger,Hartford,1998-07-17
Gayler,Petchell,1998-08-02
Rhianna,Hardwich,1998-06-05
Doug,Bunclark,1999-01-04
Pace,Deelay,1998-07-14
Deloria,Watford,1998-08-07
Abby,Lamble,1998-06-21
Banky,Slograve,1998-09-04
Elton,Tease,1998-06-16
Pryce,Farrants,1998-05-14
Sloane,Armfield,1998-10-17
Jordana,Attridge,1998-04-16
Myranda,Buckbee,1999-01-17
Margo,Hindmoor,1998-12-21
Ferdy,Gossage,1998-03-15
Christean,Cosgry,1998-12-20
Washington,MacCosto,1998-05-06
Val,Korn,1998-08-09
Carmita,South,1998-07-28
Cordie,Guice,1998-02-24
Sharona,Gallihaulk,1998-05-10
Roz,Isabell,1999-01-08
Cherri,MacCard,1999-01-20
Ambur,Pechan,1998-09-27
Lucais,Holah,1998-07-29
Andrej,Kareman,1998-10-23
Darcy,Shellsheere,1998-12-31
Dilly,Jarret,1999-01-09
Malina,Napolione,1998-03-05
Hendrik,Lamba,1998-06-19
Evelyn,Crozier,1998-11-29
Peria,Shannahan,1998-06-24
Mufi,Rosling,1999-01-30
Kinny,Fludgate,1998-08-28
Robbyn,Ansley,1998-10-29
Libbie,Scotts,1998-12-16
Isador,McCarrison,1998-09-04
Clarie,Harcourt,1998-08-30
Ferdinanda,Betts,1999-02-14
Zerk,Rastall,1999-01-22
Dosi,Danielli,1998-05-25
Cassandry,Rumming,1998-06-14
Hadleigh,MacKey,1999-01-13
Orlando,Pawlata,1998-08-04
Blayne,Spellesy,1999-01-06
Arvie,Canto,1998-04-09
Cozmo,Dibling,1998-10-15
Stevy,Millhill,1998-09-22
Jobey,Noyes,1998-10-25
Garreth,Casiero,1998-11-02
Mariquilla,Millwater,1998-04-26
Collin,Whittles,1998-10-12
Vilma,Prisk,1998-10-16
Elizabeth,Redwin,1998-07-25
Goraud,Couper,1999-01-14
Leontyne,Wainscot,1998-10-19
Elisha,Sumshon,1998-08-19
Karita,Corish,1998-12-24
Donnie,Tuny,1998-07-23
Harley,Leete,1998-06-08
Tomkin,Pancast,1999-01-04
Nealy,Dulanty,1998-06-02
Scarlett,Kahane,1998-04-01
Roth,Cowherd,1998-05-03
Margaux,Wrightson,1998-11-01
Gaelan,Tesh,1998-02-22
Addi,Prozillo,1998-10-20
Ainsley,Birdwhistle,1998-09-27
Erastus,Elks,1998-07-05
Tabb,Oakenford,1998-02-28
Elle,Boorman,1998-03-15
Wiatt,Gosney,1999-02-04
Egor,Hanny,1999-01-08
Andy,Beals,1998-07-29
Laraine,Samweyes,1999-01-31
Dania,Titt,1998-10-30
Michal,Linster,1998-11-20
Hammad,Nerne,1998-05-16
Emile,Marzelle,1998-06-09
Fabio,Handslip,1998-06-23
Maryanne,Yeudall,1999-01-29
Otis,Blodg,1998-03-13
Judy,Marston,1998-11-08
Rodolphe,Burgon,1998-05-30
Jillayne,Baron,1998-02-26
Padget,Sebire,1998-06-19
Gayelord,Daley,1998-07-09
Aland,Drakes,1998-10-21
Loree,Meatcher,1998-04-20
Emerson,Balden,1998-08-02
Rickard,Noah,1998-12-25
Walsh,Broseke,1998-09-07
Junina,Dibdin,1998-02-16
Meryl,Chatainier,1998-05-09
Sergio,Oppy,1998-08-09
Davita,Woakes,1998-06-03
Prinz,Castellan,1998-05-11
Johann,Brough,1998-02-19
Marrilee,Bouldon,1998-09-15
Giorgi,Dunseath,1998-06-20
Ingram,Ponton,1998-02-17
Kacey,Reame,1998-11-13
Hattie,Brussell,1998-11-11
Christina,Merrydew,1998-12-08
Lenci,Jopke,1998-11-02
Gabbie,Lovejoy,1998-10-10
Jana,Antonellini,1998-10-15
Adan,Hrynczyk,1998-03-08
Gus,ducarme,1998-07-13
Leonid,Dory,1998-05-18
Humbert,Drowsfield,1999-02-05
Cathrine,Cruikshank,1998-02-22
Zoe,McKelvey,1998-04-02
Norma,Brussell,1998-11-18
Fionna,Isacq,1998-06-27
Tad,Yakutin,1998-12-31
Chadd,Hurche,1998-10-09
Bartholemy,Renner,1998-03-20
Robinet,Svanini,1998-04-05
Ofelia,Eusden,1998-05-08
Myron,Keniwell,1998-03-28
Helyn,Ogelsby,1998-04-05
Brandice,Marcam,1998-12-07
Oren,Kyte,1998-05-28
Malina,Fardy,1999-01-20
Delinda,Eastcourt,1998-08-12
Annora,Broke,1999-01-09
Pat,Chestney,1998-10-03
Perceval,Harriday,1999-01-29
Brewster,Fernihough,1998-04-13
Rivkah,Sydall,1998-07-22
Mozes,Trusse,1998-02-16
Denny,Kittiman,1998-08-21
Jamill,Puddan,1998-05-31
Kaia,Perez,1998-06-10
Selena,Abbess,1998-05-30
Tabatha,Jurs,1998-06-24
Gaylene,McLukie,1998-05-22
Georgine,Hysom,1998-06-21
Reed,Morgan,1998-09-15
Irvine,Thraves,1998-12-24
Zenia,Boshard,1998-10-12
Mortie,Landall,1998-12-26
Ulick,Sharrem,1998-09-06
Mollee,Biagini,1998-07-22
Rafael,Luetkemeyer,1998-11-09
Liuka,Trazzi,1998-08-12
Mathew,Ameer-Beg,1998-05-02
Merola,Turnbull,1998-06-22
Pattin,Doerren,1998-08-31
Cordey,Tutchener,1998-03-10
Cairistiona,Coey,1999-01-28
Em,Lassey,1998-08-16
Camala,Cobb,1998-10-11
Krystalle,Ungerecht,1998-05-01
Opal,Chicchetto,1998-06-11
Correy,Hardage,1999-02-12
Reggie,Izzatt,1998-12-04
Orland,Siegertsz,1998-05-25
Hermione,Rundall,1999-01-02
Tracie,Geare,1999-02-09
Welbie,Revitt,1998-11-02
Nike,Sircomb,1998-08-18
Robin,Bessett,1999-01-17
Lyon,Roglieri,1998-07-04
Pietro,Crawley,1998-09-01
Felisha,Stroobant,1999-01-27
Valina,Belward,1998-12-22
Karita,Cobello,1998-07-11
Chrotoem,Baitey,1998-08-29
Stillmann,Lampett,1998-12-01
Alissa,Idiens,1998-07-23
Mel,Stother,1999-01-12
Maris,Emmanueli,1998-11-10
Karee,Duffitt,1999-01-26
Valida,Dilley,1998-08-12
Sander,De Vere,1998-10-05
Marietta,Jewkes,1998-03-04
Cherri,Momery,1998-12-28
Woodman,Gerrett,1998-07-07
Annabela,Adanez,1998-02-18
Thorstein,Swanborrow,1999-02-13
Kissee,Viel,1998-10-05
Lorrie,Whetland,1998-11-21
Puff,Alexandrescu,1998-04-16
Winne,Stenet,1998-06-28
Nicki,Nodes,1998-08-19
Adolf,Trenam,1998-07-09
Mireielle,Harrild,1998-10-08
Dix,Winslett,1998-07-10
Alejandrina,Tibald,1998-02-28
Lowrance,Tritten,1999-01-03
Dorolisa,Pretswell,1998-05-31
Coop,Newberry,1999-01-31
Dar,Howsden,1998-04-14
Elna,Lohering,1999-01-16
Samson,Chavey,1998-07-30
Albrecht,Goodere,1998-04-02
Vallie,Sturgis,1998-07-02
Cull,Cosin,1999-01-30
Marisa,Melling,1998-08-16
Waylin,Tudbald,1998-03-04
Hugo,De-Ville,1998-02-16
Bobina,Spataro,1999-01-22
Alexis,Barstowk,1998-02-27
Codee,Do,1998-08-30
Barry,Dotterill,1999-02-12
Deeann,McInnes,1998-07-24
Brandy,Austwick,1998-10-07
Lona,Pitcock,1998-05-26
Hartwell,Aylott,1998-07-25
Rudy,Hancell,1998-04-25
Dukey,Brigstock,1998-06-20
Cassandre,Rivalland,1998-12-30
Estell,Blasoni,1998-09-08
Filippo,Piff,1998-07-11
Alanna,Dugget,1998-03-11
Freddie,Berrick,1998-03-04
Roddy,Aveling,1998-10-20
Janith,Spellard,1998-09-15
Eduardo,Chung,1998-12-04
Roanne,Ridpath,1998-08-02
Lorry,Feek,1998-08-06
Silas,Gabriely,1998-07-09
Drusy,Nannoni,1998-10-09
Deidre,Fletcher,1998-11-06
Maddie,Reddihough,1998-04-16
Oliver,Leverage,1998-09-23
Luke,Pardey,1998-11-02
Humfrid,Tadman,1998-09-25
Massimo,Coger,1998-06-30
Rogerio,O Mullen,1998-03-10
Sande,Gilcrist,1998-05-20
Hallie,Braker,1998-12-09
Loralyn,Kingzett,1998-04-26
Amalle,Steward,1998-10-16
Aurthur,Bowdidge,1998-07-03
Mariam,Face,1998-12-03
Vail,Dessant,1999-01-21
Valeria,Lanchester,1998-08-06
Ailbert,Ransfield,1998-03-31
Nadeen,Kemm,1998-09-18
Issi,Farnish,1998-09-04
Freida,O''Dwyer,1998-12-13
Sherman,Corneille,1999-01-24
Martina,Bendle,1999-02-08
Elsworth,Baish,1998-11-07
Sosanna,Schanke,1998-09-11
Goldarina,Bowhey,1998-10-22
Gilberto,Fishley,1998-03-16
Dante,Herche,1998-06-30
Marinna,holmes,1998-07-19
Jone,Baignard,1998-05-01
Sadella,Arnall,1998-05-07
Putnem,Menichi,1998-03-28
Fulton,Mohammed,1998-06-27
Klemens,Sammes,1998-09-18
Modesta,Thamelt,1998-10-09
Odelinda,Yurukhin,1999-01-28
Gardener,Dicky,1998-07-10
Ortensia,Twinborne,1998-07-30
Jillayne,Branca,1998-06-28
Steffi,Bolens,1998-09-26
Pate,Enrich,1999-01-09
Quintin,Brisset,1998-03-02
Linus,Blowick,1998-08-31
Roze,Ruprich,1998-10-31
Jacquette,Androletti,1998-08-26
Gabbey,Witling,1998-11-23
Edd,Duffield,1998-03-08
Felizio,Corteis,1998-04-16
Naoma,Remmer,1998-08-15
Lorraine,McMeekin,1998-03-20
Latashia,Whistlecraft,1998-09-28
Rick,Shoppee,1998-12-16
Sandie,Farraway,1998-12-15
Jermayne,Dibb,1999-02-01
Ronald,Cowl,1998-05-04
Nelson,Schooling,1998-10-19
Xymenes,McGroarty,1998-07-04
Connie,Gollard,1998-05-14
Staford,Tunnah,1998-06-27
Emmeline,Mullaney,1998-03-19
Vikki,Fagence,1998-05-05
Averill,Woodger,1998-04-24
Romeo,Balfour,1998-05-27
Ingra,Durman,1998-07-21
Gustie,Benediktsson,1999-01-06
Donella,Scampion,1998-08-09
Allen,Aldred,1998-10-02
Tremain,Rudgerd,1998-06-05
Mina,Just,1998-06-30
Georgette,Flarity,1998-08-24
Ingra,Rozec,1998-08-28
Sly,McLarens,1999-01-21
Jesus,Potteril,1998-03-13
Alejoa,Ozanne,1999-01-22
Jaimie,Heavyside,1998-07-23
Reinhold,Mitchener,1998-07-14
Mendel,Tapper,1998-03-25
Francis,Sedgefield,1998-04-29
Emily,Stephens,1998-12-01
Urbano,Danilchenko,1998-06-14
Estel,Kolodziejski,1998-03-12
Onfroi,Charer,1998-05-24
Elfreda,Trynor,1998-09-25
Ellette,Lerwill,1998-06-08
Justus,Behning,1999-02-07
Rowland,O''Hara,1998-06-10
Ximenez,Skeath,1998-12-08
Ingeborg,Wolfindale,1998-07-24
Kate,Learmond,1998-05-24
Blakeley,McMeanma,1998-11-26
Ignacius,Dimelow,1998-08-15
Garry,Quinell,1998-05-02
Jasun,Fontenot,1999-02-09
Rani,Froud,1998-04-24
Jaquenetta,Aleshintsev,1998-10-28
Isobel,Cassie,1998-08-17
Ferris,Gulleford,1998-06-20
Alaine,Nabarro,1998-03-24
Natalie,Ivamy,1999-02-12
Clarie,Bumphrey,1998-07-21
Alyss,Stamps,1998-03-28
Windham,Pashen,1998-08-20
Thain,Hierro,1998-08-22
Mahalia,Grzeszczyk,1998-03-29
Grissel,Turley,1998-05-22
Addy,Shirtliff,1998-08-12
Jemmie,Birden,1998-07-31
Klarika,Wallworke,1998-09-27
Randolph,Chick,1999-01-19
Cosette,Latty,1998-12-31
Merle,Lumsdale,1998-10-07
Amara,Kinlock,1998-05-27
Englebert,Coppen,1998-08-21
Nicolais,Horribine,1998-08-28
Orlan,Gare,1998-07-15
Tarra,Byforth,1998-07-30
Levin,Brennenstuhl,1998-04-03
Francesco,Casson,1998-10-07
Barny,Camsey,1998-06-14
Kimball,Cockrem,1998-10-18
Brigit,Briiginshaw,1999-01-16
Efren,Balcers,1998-03-22
Reamonn,Fortune,1998-05-11
Pierette,Smooth,1998-07-15
Gale,Persse,1998-08-04
Ermina,Overstreet,1998-03-13
Zsa zsa,Batteson,1998-09-27
Melony,Waison,1998-07-26
Verney,Allright,1998-12-15
Sammy,Lacase,1998-08-24
Abbe,Durning,1998-11-16
Franklin,Becaris,1998-06-18
Wildon,Godsmark,1998-10-13
Bayard,Reddlesden,1998-10-02
Hermina,Sindle,1998-06-24
Wilona,Beardshall,1999-02-02
Galen,Byatt,1998-05-19
Talbot,Martensen,1998-11-19
Brenda,Spellessy,1998-03-02
Ignaz,Saffen,1998-08-06
Crawford,Yarwood,1998-08-18
Antin,McFfaden,1998-11-21
Gray,Bonifazio,1998-12-11
Bary,Sine,1998-12-06
Lester,Wenzel,1999-01-21
Laraine,Stonner,1998-12-15
Alissa,Bamforth,1999-01-14
Gretchen,Codlin,1998-03-04
Lyndsie,Abbie,1998-07-31
Gaylor,Buckston,1998-04-15
Toiboid,McCarron,1998-08-29
Teodoro,Curton,1998-08-29
Ossie,Gauson,1998-11-08
Joachim,Karsh,1998-09-18
Sally,Melledy,1998-11-09
Siffre,Frise,1998-04-14
Malinda,Brian,1998-10-25
Susana,Steventon,1999-01-30
Lek,Mingaye,1998-09-22
Nonnah,Cason,1998-10-14
Carmine,Kaubisch,1998-06-20
Issi,Lanfranconi,1998-05-28
Quill,Stoakley,1998-05-24
Ellswerth,Duffie,1998-04-30
Stefan,Bjorkan,1998-06-15
Kain,Van Leeuwen,1998-05-31
Vail,Drackford,1998-12-30
Stanwood,Orto,1998-11-27
Jaquelyn,Castiello,1998-03-05
Marrilee,Chittleburgh,1998-05-31
Lucila,Burgum,1999-02-10
Cloe,Macci,1998-08-03
Kay,McMichell,1998-10-01
Avis,Iskower,1998-08-01
Esme,Hundy,1998-11-10
Hedvig,Noon,1998-12-29
Tobit,Sooley,1998-08-20
Lynnett,Cobley,1998-11-20
Ragnar,Killiner,1998-06-20
Jerald,Hargroves,1998-04-18
Rosalind,Boobyer,1998-11-13
Kalie,Englishby,1998-11-29
Aubrette,Poor,1998-10-02
Elianore,Zamorano,1998-06-17
Melody,Rossoni,1998-03-12
Alix,Zanassi,1999-01-28
Phaedra,Mabbutt,1998-11-02
Eldin,Lawn,1998-04-30
Corinne,Roxbrough,1998-06-30
Fredericka,Menelaws,1998-04-19
Dalt,Turnor,1998-09-18
Hermina,Jamison,1998-06-06
Danice,Gisburne,1999-01-17
Peggi,Pidgley,1998-12-13
Nadine,Stacy,1998-11-23
Shoshanna,Skae,1999-01-26
Mace,Bassilashvili,1998-07-28
Thornie,Embling,1998-06-02
Jarrad,O''Griffin,1999-01-24
Bob,Grindrod,1999-01-04
Maggi,Hawton,1998-11-26
Prudi,Tattershaw,1998-08-10
Royall,Gayther,1999-01-06
Binky,Hext,1998-08-18
Kakalina,Coulter,1998-05-03
Sheelah,Orrock,1998-06-03
Goddart,Gorusso,1998-11-20
Borg,Probbings,1998-03-30
Shandy,Jostan,1998-06-05
Mauricio,Callister,1999-01-16
Donalt,Spaule,1998-11-06
Ellsworth,Carbert,1998-11-22
Anderson,Scargle,1998-04-02
Henderson,Glynne,1998-08-24
Asa,Byneth,1998-11-21
Nat,Itzkin,1998-08-06
Keene,Rannie,1998-10-06
Thane,Schuh,1998-09-29
Ninnetta,Blackaller,1998-08-08
Kincaid,Cyson,1998-02-19
Felix,Andrysek,1998-11-22
Reeba,Pillinger,1998-05-04
Joby,McGeorge,1998-11-08
Jayme,Baxandall,1998-07-02
Madlen,Tregaskis,1998-06-15
Cleavland,Shakespear,1999-02-10
Clarissa,MacCahey,1998-04-23
Munroe,Mulryan,1998-08-08
Jeannette,Espinet,1998-11-09
Charmian,Earney,1998-10-21
Elmer,McGuigan,1998-06-03
Marley,Smuth,1998-04-17
Gaynor,Dumbare,1998-04-07
Lebbie,Gobell,1998-05-17
Carilyn,Mankor,1998-03-31
Adolf,Louche,1998-07-31
Avery,Spoerl,1998-03-29
Humfrey,Spridgen,1998-10-21
Drona,Burchett,1999-02-08
Colette,Ladson,1998-06-11
Scotti,Frere,1998-09-29
Gweneth,Jenkins,1998-04-25
Freda,Chilton,1998-08-23
Sallie,Dimmock,1999-02-06
Polly,Steggles,1998-05-06
Jacinta,Abrahamovitz,1998-03-17
Aldis,Shapcote,1998-05-14
Corny,Grebner,1998-06-23
Ardisj,Clohissy,1999-02-05
Marina,Rene,1999-01-16
Rolph,Yateman,1998-07-15
Rosalinde,Wyon,1998-12-10
Aksel,Niblo,1998-05-04
Slade,Brackpool,1998-04-27
Cosimo,Wynne,1998-06-09
Prissie,Parkhouse,1999-01-19
Daphna,Gillinghams,1998-04-08
Danella,MacCarrick,1998-04-30
Gerome,Keener,1998-05-14
Hermia,Brammall,1998-03-17
Gena,Echalie,1999-01-28
Ardine,MacInherney,1998-04-05
Judi,Fairfoot,1998-12-25
Filbert,Conring,1998-05-25
Selina,Leaver,1998-12-10
Jacintha,Davidwitz,1998-07-08
Humphrey,Garioch,1998-07-16
Addie,Oswell,1998-03-13
Donovan,Wardingley,1998-07-03
Timothy,Bonallick,1998-07-19
Janine,Everiss,1998-08-22
Juanita,Cusworth,1998-10-05
Kingsly,Bewicke,1998-10-15
Tabitha,Wellbank,1998-12-08
Brietta,Ewan,1998-05-27
Joann,Smithson,1998-06-13
Anastasia,Eddowes,1998-06-18
Vernon,Matyasik,1998-06-14
Elliott,Sabatini,1998-12-09
Brendis,Sannes,1998-09-27
Davey,Buddell,1999-01-01
Jayne,Deboick,1998-09-17
Vernon,Sivill,1998-11-03
Hayyim,Delf,1998-06-17
Veronike,Cass,1998-03-12
Leslie,Tindley,1999-02-02
Cairistiona,Johns,1998-07-28
Ralph,Keller,1999-02-12
Moritz,Woolmington,1999-02-09
Frieda,MacDermott,1998-03-03
Tate,McConnel,1998-11-13
Natala,Shinn,1998-05-23
Fayth,Gagen,1999-02-02
Giulietta,Saggers,1998-09-16
Ancell,Portwaine,1998-10-25
Janaya,McShirie,1998-07-28
Christian,Petrolli,1998-05-23
Kitti,Bonett,1999-01-28
Olenolin,Abraham,1998-02-19
Shayna,Bealton,1998-12-12
Menard,Wolfenden,1998-08-29
Francklin,Vynoll,1999-01-25
Basilio,Twist,1998-11-10
Mortimer,Ebbage,1999-02-11
Lizzy,Kellie,1998-02-27
Winny,Galego,1998-11-25
Lothaire,Latty,1998-06-18
Lilia,Dearl,1998-04-03
Carlen,Gooderham,1998-02-18
Fiorenze,Medwell,1998-04-21
Barbi,Wellbank,1998-06-24
Estevan,Tomkins,1998-09-11
Corey,Ahrendsen,1998-10-30
Michell,Onion,1998-09-19
Derrick,Giacomuzzo,1998-04-26
Juli,Kinzett,1998-03-02
Ruthann,Jephcote,1998-08-18
Lyman,Rowlatt,1998-03-13
Archie,Elster,1998-08-01
Catarina,Riggoll,1998-09-12
Reeta,Sawnwy,1998-05-11
Rorke,Eede,1998-04-30
Forbes,Arnolds,1998-12-09
Giffie,Eannetta,1998-04-08
Dinnie,Stilgo,1999-01-13
Valentino,Keattch,1998-12-03
Lotte,Albert,1998-05-03
Gennie,McCanny,1998-12-21
Mathew,Orr,1999-01-10
Christie,Casillis,1999-01-28
Kim,Cready,1998-02-18
Aleksandr,Featherstone,1998-05-13
Gratiana,Zorzi,1999-01-19
Phyllida,Milnthorpe,1998-09-30
El,Bourke,1998-04-19
Abbey,Dumper,1999-01-16
Mead,Ascough,1998-02-21
Elnore,Winterbotham,1999-01-01
Chloette,Shillabeer,1998-05-08
Merci,Vanyatin,1998-04-26
Anjanette,Tuny,1998-06-23
Boniface,Cobley,1998-07-28
Joane,Thackham,1998-12-28
Alvin,Guildford,1998-08-25
Parry,Sharple,1998-12-07
Genia,Vogel,1998-07-17
Tann,Gilsthorpe,1998-07-31
Haley,Persian,1998-04-06
Niccolo,McFee,1998-11-04
Gian,Grzegorecki,1998-09-26
Price,Sanchis,1999-02-08
Claudetta,Meatyard,1998-07-07
Josy,Bennedsen,1998-06-23
Inglis,Oki,1998-08-21
Maddi,Dufton,1999-01-07
Lewiss,Sloegrave,1998-10-29
Abdul,Paule,1999-01-23
Raven,Langman,1998-11-15
Gardiner,Cristofor,1998-11-14
Deeyn,Farrimond,1998-05-15
Saxon,Ketcher,1998-08-04
Lucina,OBradain,1998-05-14
Blane,Hosburn,1998-09-16
Ivett,Pinn,1998-09-13
Burke,Purkess,1998-10-28
Kirsteni,Sterman,1999-01-24
Shaun,Lerego,1998-09-24
Giuseppe,Yandle,1998-08-19
Ruddy,Glusby,1998-02-24
Auguste,Tolussi,1998-06-03
Ches,Shepton,1998-06-07
Alvira,Bault,1998-10-25
Amelina,Ecles,1998-06-30
Di,Javes,1998-02-16